STATION,NAME,LATITUDE,LONGITUDE,ELEVATION,DATE,PRCP,SNOW,SNWD,TMAX,TMIN
USC00442009,"CORBIN, VA US",38.2022,-77.3747,67.1,2017-03-01,6.4,,,26.1,13.3
USC00442009,"CORBIN, VA US",38.2022,-77.3747,67.1,2017-03-02,2,,,15.6,0
USC00442009,"CORBIN, VA US",38.2022,-77.3747,67.1,2017-03-03,0,,,6.7,-2.8
USC00442009,"CORBIN, VA US",38.2022,-77.3747,67.1,2017-03-04,0,0,0,7.2,-7.2
USC00442009,"CORBIN, VA US",38.2022,-77.3747,67.1,2017-03-05,0,,,5.6,-5
USC00442009,"CORBIN, VA US",38.2022,-77.3747,67.1,2017-03-06,0,,,15,-2.2
USC00442009,"CORBIN, VA US",38.2022,-77.3747,67.1,2017-03-07,0,,,20,10
USC00442009,"CORBIN, VA US",38.2022,-77.3747,67.1,2017-03-08,0,,,19.4,8.3
USC00442009,"CORBIN, VA US",38.2022,-77.3747,67.1,2017-03-09,0,,,22.2,8.9
USC00442009,"CORBIN, VA US",38.2022,-77.3747,67.1,2017-03-10,0,,,12.8,-0.6
USC00442009,"CORBIN, VA US",38.2022,-77.3747,67.1,2017-03-11,1.8,,,6.1,-3.9
USC00442009,"CORBIN, VA US",38.2022,-77.3747,67.1,2017-03-12,0,,,6.1,-3.3
USC00442009,"CORBIN, VA US",38.2022,-77.3747,67.1,2017-03-13,0,,,7.8,-5.6
USC00442009,"CORBIN, VA US",38.2022,-77.3747,67.1,2017-03-14,14,13,0,6.7,-3.9
USC00442009,"CORBIN, VA US",38.2022,-77.3747,67.1,2017-03-15,0,0,,1.1,-6.7
USC00442009,"CORBIN, VA US",38.2022,-77.3747,67.1,2017-03-16,0,,,6.7,-5.6
USC00442009,"CORBIN, VA US",38.2022,-77.3747,67.1,2017-03-17,0,,,11.7,-5.6
USC00442009,"CORBIN, VA US",38.2022,-77.3747,67.1,2017-03-18,,,,16.1,3.3
USC00442009,"CORBIN, VA US",38.2022,-77.3747,67.1,2017-03-19,,,,10,1.7
USC00442009,"CORBIN, VA US",38.2022,-77.3747,67.1,2017-03-20,24.9,,,13.9,-1.1
USC00442009,"CORBIN, VA US",38.2022,-77.3747,67.1,2017-03-21,0,,,17.2,7.2
USC00442009,"CORBIN, VA US",38.2022,-77.3747,67.1,2017-03-22,0,,,11.7,2.2
USC00442009,"CORBIN, VA US",38.2022,-77.3747,67.1,2017-03-23,0,,,10,-4.4
USC00442009,"CORBIN, VA US",38.2022,-77.3747,67.1,2017-03-24,0,,,18.9,0
USC00442009,"CORBIN, VA US",38.2022,-77.3747,67.1,2017-03-25,0,,,26.7,14.4
USC00442009,"CORBIN, VA US",38.2022,-77.3747,67.1,2017-03-26,0,,,17.8,8.3
USC00442009,"CORBIN, VA US",38.2022,-77.3747,67.1,2017-03-27,0.5,,,26.1,8.9
USC00442009,"CORBIN, VA US",38.2022,-77.3747,67.1,2017-03-28,0,,,22.8,15.6
USC00442009,"CORBIN, VA US",38.2022,-77.3747,67.1,2017-03-29,3.8,,,18.9,11.1
USC00442009,"CORBIN, VA US",38.2022,-77.3747,67.1,2017-03-30,0,,,13.3,5.6
USC00442009,"CORBIN, VA US",38.2022,-77.3747,67.1,2017-03-31,3.8,,,12.8,7.8
USC00442009,"CORBIN, VA US",38.2022,-77.3747,67.1,2017-04-01,,,,17.2,6.7
USC00442009,"CORBIN, VA US",38.2022,-77.3747,67.1,2017-04-02,,,,18.3,3.3
USC00442009,"CORBIN, VA US",38.2022,-77.3747,67.1,2017-04-03,16.3,,,19.4,7.2
USC00442009,"CORBIN, VA US",38.2022,-77.3747,67.1,2017-04-04,0.8,,,27.2,15.6
USC00442009,"CORBIN, VA US",38.2022,-77.3747,67.1,2017-04-05,0,,,25,9.4
USC00442009,"CORBIN, VA US",38.2022,-77.3747,67.1,2017-04-06,4.8,,,18.3,9.4
USC00442009,"CORBIN, VA US",38.2022,-77.3747,67.1,2017-04-07,33.8,,,10.6,2.2
USC00442009,"CORBIN, VA US",38.2022,-77.3747,67.1,2017-04-08,0,,,18.9,-2.2
USC00442009,"CORBIN, VA US",38.2022,-77.3747,67.1,2017-04-09,0,,,22.8,1.7
USC00442009,"CORBIN, VA US",38.2022,-77.3747,67.1,2017-04-10,0,,,27.8,10
USC00442009,"CORBIN, VA US",38.2022,-77.3747,67.1,2017-04-11,0,,,30,14.4
USC00442009,"CORBIN, VA US",38.2022,-77.3747,67.1,2017-04-12,0,,,26.1,12.8
USC00442009,"CORBIN, VA US",38.2022,-77.3747,67.1,2017-04-13,0,,,22.2,10.6
USC00442009,"CORBIN, VA US",38.2022,-77.3747,67.1,2017-04-14,0,,,22.2,8.3
USC00442009,"CORBIN, VA US",38.2022,-77.3747,67.1,2017-04-15,0,,,27.8,8.9
USC00442009,"CORBIN, VA US",38.2022,-77.3747,67.1,2017-04-16,0,,,30,18.3
USC00442009,"CORBIN, VA US",38.2022,-77.3747,67.1,2017-04-17,0,,,23.9,11.7
USC00442009,"CORBIN, VA US",38.2022,-77.3747,67.1,2017-04-18,0,,,21.7,10.6
USC00442009,"CORBIN, VA US",38.2022,-77.3747,67.1,2017-04-19,0.5,,,17.2,7.2
USC00442009,"CORBIN, VA US",38.2022,-77.3747,67.1,2017-04-20,0,,,28.9,13.3
USC00442009,"CORBIN, VA US",38.2022,-77.3747,67.1,2017-04-21,1.5,,,29.4,16.1
USC00442009,"CORBIN, VA US",38.2022,-77.3747,67.1,2017-04-22,0,,,18.3,10
USC00442009,"CORBIN, VA US",38.2022,-77.3747,67.1,2017-04-23,0,,,14.4,8.9
USC00442009,"CORBIN, VA US",38.2022,-77.3747,67.1,2017-04-24,13.2,,,11.7,8.9
USC00442009,"CORBIN, VA US",38.2022,-77.3747,67.1,2017-04-25,,,,15.6,11.7
USC00442009,"CORBIN, VA US",38.2022,-77.3747,67.1,2017-04-26,,,,23.9,13.3
USC00442009,"CORBIN, VA US",38.2022,-77.3747,67.1,2017-04-27,,,,29.4,12.2
USC00442009,"CORBIN, VA US",38.2022,-77.3747,67.1,2017-04-28,22.9,,,29.4,17.2
USC00442009,"CORBIN, VA US",38.2022,-77.3747,67.1,2017-04-29,0,,,31.7,20.6
USC00442009,"CORBIN, VA US",38.2022,-77.3747,67.1,2017-04-30,0,,,30,21.7
USC00442009,"CORBIN, VA US",38.2022,-77.3747,67.1,2017-05-01,0,,,28.3,21.1
USC00442009,"CORBIN, VA US",38.2022,-77.3747,67.1,2017-05-02,0,,,25,12.8
USC00442009,"CORBIN, VA US",38.2022,-77.3747,67.1,2017-05-03,0,,,19.4,8.9
USC00442009,"CORBIN, VA US",38.2022,-77.3747,67.1,2017-05-04,37.6,,,19.4,6.1
USC00442009,"CORBIN, VA US",38.2022,-77.3747,67.1,2017-05-05,63.2,,,23.9,14.4
USC00442009,"CORBIN, VA US",38.2022,-77.3747,67.1,2017-05-06,0,,,15.6,7.8
USC00442009,"CORBIN, VA US",38.2022,-77.3747,67.1,2017-05-07,0,,,18.3,6.7
USC00442009,"CORBIN, VA US",38.2022,-77.3747,67.1,2017-05-08,0,,,17.8,5
USC00442009,"CORBIN, VA US",38.2022,-77.3747,67.1,2017-05-09,0,,,19.4,2.2
USC00442009,"CORBIN, VA US",38.2022,-77.3747,67.1,2017-05-10,0,,,23.9,5
USC00442009,"CORBIN, VA US",38.2022,-77.3747,67.1,2017-05-11,29.2,,,14.4,10
USC00442009,"CORBIN, VA US",38.2022,-77.3747,67.1,2017-05-12,17.8,,,12.2,8.9
USC00442009,"CORBIN, VA US",38.2022,-77.3747,67.1,2017-05-13,7.6,,,16.1,7.8
USC00442009,"CORBIN, VA US",38.2022,-77.3747,67.1,2017-05-14,0,,,27.8,5.6
USC00442009,"CORBIN, VA US",38.2022,-77.3747,67.1,2017-05-15,0,,,24.4,8.3
USC00442009,"CORBIN, VA US",38.2022,-77.3747,67.1,2017-05-16,0,,,27.8,8.3
USC00442009,"CORBIN, VA US",38.2022,-77.3747,67.1,2017-05-17,0,,,34.4,15
USC00442009,"CORBIN, VA US",38.2022,-77.3747,67.1,2017-05-18,0,,,31.7,21.1
USC00442009,"CORBIN, VA US",38.2022,-77.3747,67.1,2017-05-19,43.2,,,32.2,18.3
USC00442009,"CORBIN, VA US",38.2022,-77.3747,67.1,2017-05-20,0,,,23.3,15.6
USC00442009,"CORBIN, VA US",38.2022,-77.3747,67.1,2017-05-21,0,,,20,11.7
USC00442009,"CORBIN, VA US",38.2022,-77.3747,67.1,2017-05-22,9.7,,,21.1,14.4
USC00442009,"CORBIN, VA US",38.2022,-77.3747,67.1,2017-05-23,2.5,,,18.9,13.9
USC00442009,"CORBIN, VA US",38.2022,-77.3747,67.1,2017-05-24,7.6,,,17.2,12.8
USC00442009,"CORBIN, VA US",38.2022,-77.3747,67.1,2017-05-25,18.3,,,22.8,13.9
USC00442009,"CORBIN, VA US",38.2022,-77.3747,67.1,2017-05-26,5.3,,,25.6,12.8
USC00442009,"CORBIN, VA US",38.2022,-77.3747,67.1,2017-05-27,0,,,26.7,12.2
USC00442009,"CORBIN, VA US",38.2022,-77.3747,67.1,2017-05-28,,,,22.8,15
USC00442009,"CORBIN, VA US",38.2022,-77.3747,67.1,2017-05-29,,,,28.3,18.3
USC00442009,"CORBIN, VA US",38.2022,-77.3747,67.1,2017-05-30,2.5,,,25.6,17.2
USC00442009,"CORBIN, VA US",38.2022,-77.3747,67.1,2017-05-31,30.2,,,27.2,15.6
USC00442009,"CORBIN, VA US",38.2022,-77.3747,67.1,2017-06-01,0,,,28.3,13.3
USC00442009,"CORBIN, VA US",38.2022,-77.3747,67.1,2017-06-02,0,,,27.2,12.2
USC00442009,"CORBIN, VA US",38.2022,-77.3747,67.1,2017-06-03,0,,,28.9,11.7
USC00442009,"CORBIN, VA US",38.2022,-77.3747,67.1,2017-06-04,0,,,30.6,13.3
USC00442009,"CORBIN, VA US",38.2022,-77.3747,67.1,2017-06-05,3,,,23.3,18.3
USC00442009,"CORBIN, VA US",38.2022,-77.3747,67.1,2017-06-06,1.8,,,25,14.4
USC00442009,"CORBIN, VA US",38.2022,-77.3747,67.1,2017-06-07,0,,,21.1,11.7
USC00442009,"CORBIN, VA US",38.2022,-77.3747,67.1,2017-06-08,0,,,21.7,9.4
USC00442009,"CORBIN, VA US",38.2022,-77.3747,67.1,2017-06-09,0,,,26.7,11.1
USC00442009,"CORBIN, VA US",38.2022,-77.3747,67.1,2017-06-10,0,,,31.1,15.6
USC00442009,"CORBIN, VA US",38.2022,-77.3747,67.1,2017-06-11,0,,,33.3,18.3
USC00442009,"CORBIN, VA US",38.2022,-77.3747,67.1,2017-06-12,0,,,33.3,18.9
USC00442009,"CORBIN, VA US",38.2022,-77.3747,67.1,2017-06-13,0,,,33.9,20.6
USC00442009,"CORBIN, VA US",38.2022,-77.3747,67.1,2017-06-14,0,,,31.7,19.4
USC00442009,"CORBIN, VA US",38.2022,-77.3747,67.1,2017-06-15,0,,,29.4,18.3
USC00442009,"CORBIN, VA US",38.2022,-77.3747,67.1,2017-06-16,0,,,28.9,19.4
USC00442009,"CORBIN, VA US",38.2022,-77.3747,67.1,2017-06-17,1.8,,,30,20
USC00442009,"CORBIN, VA US",38.2022,-77.3747,67.1,2017-06-18,0,,,31.7,22.2
USC00442009,"CORBIN, VA US",38.2022,-77.3747,67.1,2017-06-19,0,,,31.7,21.1
USC00442009,"CORBIN, VA US",38.2022,-77.3747,67.1,2017-06-20,13.2,,,28.9,19.4
USC00442009,"CORBIN, VA US",38.2022,-77.3747,67.1,2017-06-21,0,,,30.6,20
USC00442009,"CORBIN, VA US",38.2022,-77.3747,67.1,2017-06-22,0,,,31.7,21.1
USC00442009,"CORBIN, VA US",38.2022,-77.3747,67.1,2017-06-23,5.8,,,31.1,21.7
USC00442009,"CORBIN, VA US",38.2022,-77.3747,67.1,2017-06-24,0,,,31.1,19.4
USC00442009,"CORBIN, VA US",38.2022,-77.3747,67.1,2017-06-25,2.5,,,29.4,16.7
USC00442009,"CORBIN, VA US",38.2022,-77.3747,67.1,2017-06-26,0,,,28.3,12.2
USC00442009,"CORBIN, VA US",38.2022,-77.3747,67.1,2017-06-27,1.3,,,28.3,13.9
USC00442009,"CORBIN, VA US",38.2022,-77.3747,67.1,2017-06-28,0,,,27.2,10.6
USC00442009,"CORBIN, VA US",38.2022,-77.3747,67.1,2017-06-29,0,,,31.7,15
USC00442009,"CORBIN, VA US",38.2022,-77.3747,67.1,2017-06-30,0,,,32.8,18.9
USC00442009,"CORBIN, VA US",38.2022,-77.3747,67.1,2017-07-01,0,,,33.9,22.8
USC00442009,"CORBIN, VA US",38.2022,-77.3747,67.1,2017-07-02,0,,,33.3,20.6
USC00442009,"CORBIN, VA US",38.2022,-77.3747,67.1,2017-07-03,0,,,32.8,20
USC00442009,"CORBIN, VA US",38.2022,-77.3747,67.1,2017-07-04,0,,,31.7,20.6
USC00442009,"CORBIN, VA US",38.2022,-77.3747,67.1,2017-07-05,0,,,28.3,21.7
USC00442009,"CORBIN, VA US",38.2022,-77.3747,67.1,2017-07-06,13,,,28.9,21.7
USC00442009,"CORBIN, VA US",38.2022,-77.3747,67.1,2017-07-07,43.7,,,32.2,20.6
USC00442009,"CORBIN, VA US",38.2022,-77.3747,67.1,2017-07-08,0,,,31.7,20
USC00442009,"CORBIN, VA US",38.2022,-77.3747,67.1,2017-07-09,0,,,29.4,16.1
USC00442009,"CORBIN, VA US",38.2022,-77.3747,67.1,2017-07-10,0,,,32.2,18.3
USC00442009,"CORBIN, VA US",38.2022,-77.3747,67.1,2017-07-11,0,,,32.8,22.2
USC00442009,"CORBIN, VA US",38.2022,-77.3747,67.1,2017-07-12,0,,,35,22.8
USC00442009,"CORBIN, VA US",38.2022,-77.3747,67.1,2017-07-13,0,,,35.6,24.4
USC00442009,"CORBIN, VA US",38.2022,-77.3747,67.1,2017-07-14,0,,,35.6,21.7
USC00442009,"CORBIN, VA US",38.2022,-77.3747,67.1,2017-07-15,11.2,,,31.1,21.7
USC00442009,"CORBIN, VA US",38.2022,-77.3747,67.1,2017-07-16,0,,,31.1,18.9
USC00442009,"CORBIN, VA US",38.2022,-77.3747,67.1,2017-07-17,0,,,31.1,20.6
USC00442009,"CORBIN, VA US",38.2022,-77.3747,67.1,2017-07-18,0,,,32.8,19.4
USC00442009,"CORBIN, VA US",38.2022,-77.3747,67.1,2017-07-19,0,,,34.4,20.6
USC00442009,"CORBIN, VA US",38.2022,-77.3747,67.1,2017-07-20,0,,,35.6,21.1
USC00442009,"CORBIN, VA US",38.2022,-77.3747,67.1,2017-07-21,0,,,36.1,21.7
USC00442009,"CORBIN, VA US",38.2022,-77.3747,67.1,2017-07-22,0,,,36.1,21.7
USC00442009,"CORBIN, VA US",38.2022,-77.3747,67.1,2017-07-23,0,,,33.3,21.7
USC00442009,"CORBIN, VA US",38.2022,-77.3747,67.1,2017-07-24,21.3,,,33.3,21.7
USC00442009,"CORBIN, VA US",38.2022,-77.3747,67.1,2017-07-25,0,,,27.2,18.3
USC00442009,"CORBIN, VA US",38.2022,-77.3747,67.1,2017-07-26,0,,,29.4,17.2
USC00442009,"CORBIN, VA US",38.2022,-77.3747,67.1,2017-07-27,0,,,29.4,20
USC00442009,"CORBIN, VA US",38.2022,-77.3747,67.1,2017-07-28,0,,,27.2,21.1
USC00442009,"CORBIN, VA US",38.2022,-77.3747,67.1,2017-07-29,37.3,,,22.2,16.1
USC00442009,"CORBIN, VA US",38.2022,-77.3747,67.1,2017-07-30,1,,,26.7,13.3
USC00442009,"CORBIN, VA US",38.2022,-77.3747,67.1,2017-07-31,0,,,30,12.8
USC00442009,"CORBIN, VA US",38.2022,-77.3747,67.1,2017-08-01,0,,,31.7,16.7
USC00442009,"CORBIN, VA US",38.2022,-77.3747,67.1,2017-08-02,0,,,31.7,19.4
USC00442009,"CORBIN, VA US",38.2022,-77.3747,67.1,2017-08-03,0,,,32.2,18.3
USC00442009,"CORBIN, VA US",38.2022,-77.3747,67.1,2017-08-04,0,,,32.2,19.4
USC00442009,"CORBIN, VA US",38.2022,-77.3747,67.1,2017-08-05,0,,,27.2,15.6
USC00442009,"CORBIN, VA US",38.2022,-77.3747,67.1,2017-08-06,0,,,28.3,13.3
USC00442009,"CORBIN, VA US",38.2022,-77.3747,67.1,2017-08-07,0,,,26.1,20.6
USC00442009,"CORBIN, VA US",38.2022,-77.3747,67.1,2017-08-08,30.5,,,26.1,17.2
USC00442009,"CORBIN, VA US",38.2022,-77.3747,67.1,2017-08-09,0,,,28.3,13.9
USC00442009,"CORBIN, VA US",38.2022,-77.3747,67.1,2017-08-10,0,,,28.3,13.9
USC00442009,"CORBIN, VA US",38.2022,-77.3747,67.1,2017-08-11,0,,,27.8,18.3
USC00442009,"CORBIN, VA US",38.2022,-77.3747,67.1,2017-08-12,0,,,28.9,21.1
USC00442009,"CORBIN, VA US",38.2022,-77.3747,67.1,2017-08-13,19.1,,,27.8,18.3
USC00442009,"CORBIN, VA US",38.2022,-77.3747,67.1,2017-08-14,0,,,26.7,16.7
USC00442009,"CORBIN, VA US",38.2022,-77.3747,67.1,2017-08-15,0,,,28.3,21.1
USC00442009,"CORBIN, VA US",38.2022,-77.3747,67.1,2017-08-16,43.7,,,31.7,20
USC00442009,"CORBIN, VA US",38.2022,-77.3747,67.1,2017-08-17,1.8,,,31.7,21.7
USC00442009,"CORBIN, VA US",38.2022,-77.3747,67.1,2017-08-18,0,,,34.4,23.3
USC00442009,"CORBIN, VA US",38.2022,-77.3747,67.1,2017-08-19,0,,,31.7,22.2
USC00442009,"CORBIN, VA US",38.2022,-77.3747,67.1,2017-08-20,0,,,30,18.3
USC00442009,"CORBIN, VA US",38.2022,-77.3747,67.1,2017-08-21,21.6,,,32.8,20
USC00442009,"CORBIN, VA US",38.2022,-77.3747,67.1,2017-08-22,0,,,33.9,22.2
USC00442009,"CORBIN, VA US",38.2022,-77.3747,67.1,2017-08-23,0,,,26.7,19.4
USC00442009,"CORBIN, VA US",38.2022,-77.3747,67.1,2017-08-24,8.1,,,26.7,17.2
USC00442009,"CORBIN, VA US",38.2022,-77.3747,67.1,2017-08-25,0,,,25.6,16.1
USC00442009,"CORBIN, VA US",38.2022,-77.3747,67.1,2017-08-26,0,,,26.1,14.4
USC00442009,"CORBIN, VA US",38.2022,-77.3747,67.1,2017-08-27,0,,,25,14.4
USC00442009,"CORBIN, VA US",38.2022,-77.3747,67.1,2017-08-28,0,,,24.4,12.8
USC00442009,"CORBIN, VA US",38.2022,-77.3747,67.1,2017-08-29,34.3,,,20.6,16.1
USC00442009,"CORBIN, VA US",38.2022,-77.3747,67.1,2017-08-30,6.6,,,25.6,15
USC00442009,"CORBIN, VA US",38.2022,-77.3747,67.1,2017-08-31,0,,,29.4,17.8
USC00442009,"CORBIN, VA US",38.2022,-77.3747,67.1,2017-09-01,2,,,21.7,13.3
USC00442009,"CORBIN, VA US",38.2022,-77.3747,67.1,2017-09-02,13,,,17.2,12.8
USC00442009,"CORBIN, VA US",38.2022,-77.3747,67.1,2017-09-03,1,,,26.7,15.6
USC00442009,"CORBIN, VA US",38.2022,-77.3747,67.1,2017-09-04,0,,,28.3,12.8
USC00442009,"CORBIN, VA US",38.2022,-77.3747,67.1,2017-09-05,0,,,30,18.9
USC00442009,"CORBIN, VA US",38.2022,-77.3747,67.1,2017-09-06,0,,,20,15.6
USC00442009,"CORBIN, VA US",38.2022,-77.3747,67.1,2017-09-07,15,,,22.8,12.2
USC00442009,"CORBIN, VA US",38.2022,-77.3747,67.1,2017-09-08,0,,,23.9,8.9
USC00442009,"CORBIN, VA US",38.2022,-77.3747,67.1,2017-09-09,0,,,21.7,10.6
USC00442009,"CORBIN, VA US",38.2022,-77.3747,67.1,2017-09-10,0,,,21.1,8.3
USC00442009,"CORBIN, VA US",38.2022,-77.3747,67.1,2017-09-11,0,,,21.1,8.9
USC00442009,"CORBIN, VA US",38.2022,-77.3747,67.1,2017-09-12,0,,,25,13.9
USC00442009,"CORBIN, VA US",38.2022,-77.3747,67.1,2017-09-13,3.6,,,28.3,18.3
USC00442009,"CORBIN, VA US",38.2022,-77.3747,67.1,2017-09-14,0,,,27.2,17.8
USC00442009,"CORBIN, VA US",38.2022,-77.3747,67.1,2017-09-15,0,,,27.8,15.6
USC00442009,"CORBIN, VA US",38.2022,-77.3747,67.1,2017-09-16,0,,,28.3,16.7
USC00442009,"CORBIN, VA US",38.2022,-77.3747,67.1,2017-09-17,0,,,27.8,16.7
USC00442009,"CORBIN, VA US",38.2022,-77.3747,67.1,2017-09-18,0,,,25.6,18.3
USC00442009,"CORBIN, VA US",38.2022,-77.3747,67.1,2017-09-19,0,,,27.2,18.3
USC00442009,"CORBIN, VA US",38.2022,-77.3747,67.1,2017-09-20,0,,,30.6,16.7
USC00442009,"CORBIN, VA US",38.2022,-77.3747,67.1,2017-09-21,0,,,29.4,15.6
USC00442009,"CORBIN, VA US",38.2022,-77.3747,67.1,2017-09-22,0,,,27.8,17.2
USC00442009,"CORBIN, VA US",38.2022,-77.3747,67.1,2017-09-23,0,,,28.9,15
USC00442009,"CORBIN, VA US",38.2022,-77.3747,67.1,2017-09-24,0,,,30.6,14.4
USC00442009,"CORBIN, VA US",38.2022,-77.3747,67.1,2017-09-25,0,,,30,16.7
USC00442009,"CORBIN, VA US",38.2022,-77.3747,67.1,2017-09-26,0,,,25.6,17.8
USC00442009,"CORBIN, VA US",38.2022,-77.3747,67.1,2017-09-27,0,,,30.6,19.4
USC00442009,"CORBIN, VA US",38.2022,-77.3747,67.1,2017-09-28,0,,,27.2,15
USC00442009,"CORBIN, VA US",38.2022,-77.3747,67.1,2017-09-29,0,,,22.8,9.4
USC00442009,"CORBIN, VA US",38.2022,-77.3747,67.1,2017-09-30,0,,,20,9.4
USC00442009,"CORBIN, VA US",38.2022,-77.3747,67.1,2017-10-01,0,,,19.4,5.6
USC00442009,"CORBIN, VA US",38.2022,-77.3747,67.1,2017-10-02,0,,,23.3,6.1
USC00442009,"CORBIN, VA US",38.2022,-77.3747,67.1,2017-10-03,0,,,22.8,7.8
USC00442009,"CORBIN, VA US",38.2022,-77.3747,67.1,2017-10-04,0,,,25.6,7.2
USC00442009,"CORBIN, VA US",38.2022,-77.3747,67.1,2017-10-05,0,,,27.8,10
USC00442009,"CORBIN, VA US",38.2022,-77.3747,67.1,2017-10-06,0,,,29.4,14.4
USC00442009,"CORBIN, VA US",38.2022,-77.3747,67.1,2017-10-07,0,,,29.4,16.1
USC00442009,"CORBIN, VA US",38.2022,-77.3747,67.1,2017-10-08,0,,,27.8,22.8
USC00442009,"CORBIN, VA US",38.2022,-77.3747,67.1,2017-10-09,7.1,,,30,22.2
USC00442009,"CORBIN, VA US",38.2022,-77.3747,67.1,2017-10-10,0,,,30,21.1
USC00442009,"CORBIN, VA US",38.2022,-77.3747,67.1,2017-10-11,0,,,22.8,20.6
USC00442009,"CORBIN, VA US",38.2022,-77.3747,67.1,2017-10-12,13.5,,,20.6,15
USC00442009,"CORBIN, VA US",38.2022,-77.3747,67.1,2017-10-13,0,,,17.8,14.4
USC00442009,"CORBIN, VA US",38.2022,-77.3747,67.1,2017-10-14,0,,,19.4,15.6
USC00442009,"CORBIN, VA US",38.2022,-77.3747,67.1,2017-10-15,0,,,27.2,16.7
USC00442009,"CORBIN, VA US",38.2022,-77.3747,67.1,2017-10-16,2.5,,,22.2,6.7
USC00442009,"CORBIN, VA US",38.2022,-77.3747,67.1,2017-10-17,0,,,16.7,2.8
USC00442009,"CORBIN, VA US",38.2022,-77.3747,67.1,2017-10-18,0,,,21.1,2.2
USC00442009,"CORBIN, VA US",38.2022,-77.3747,67.1,2017-10-19,0,,,23.9,5.6
USC00442009,"CORBIN, VA US",38.2022,-77.3747,67.1,2017-10-20,0,,,25,7.2
USC00442009,"CORBIN, VA US",38.2022,-77.3747,67.1,2017-10-21,0,,,24.4,7.2
USC00442009,"CORBIN, VA US",38.2022,-77.3747,67.1,2017-10-22,0,,,24.4,7.8
USC00442009,"CORBIN, VA US",38.2022,-77.3747,67.1,2017-10-23,0,,,24.4,12.8
USC00442009,"CORBIN, VA US",38.2022,-77.3747,67.1,2017-10-24,0,,,22.2,11.1
USC00442009,"CORBIN, VA US",38.2022,-77.3747,67.1,2017-10-25,0,,,18.3,7.8
USC00442009,"CORBIN, VA US",38.2022,-77.3747,67.1,2017-10-26,0,,,15.6,3.3
USC00442009,"CORBIN, VA US",38.2022,-77.3747,67.1,2017-10-27,0,,,21.1,0.6
USC00442009,"CORBIN, VA US",38.2022,-77.3747,67.1,2017-10-28,0,,,21.7,8.9
USC00442009,"CORBIN, VA US",38.2022,-77.3747,67.1,2017-10-29,0,,,18.9,6.7
USC00442009,"CORBIN, VA US",38.2022,-77.3747,67.1,2017-10-30,55.9,,,14.4,4.4
USC00442009,"CORBIN, VA US",38.2022,-77.3747,67.1,2017-10-31,0,,,17.2,2.8
USC00442009,"CORBIN, VA US",38.2022,-77.3747,67.1,2017-11-01,0,,,17.8,3.9
USC00442009,"CORBIN, VA US",38.2022,-77.3747,67.1,2017-11-02,0,,,25,10
USC00442009,"CORBIN, VA US",38.2022,-77.3747,67.1,2017-11-03,0,,,26.7,13.3
USC00442009,"CORBIN, VA US",38.2022,-77.3747,67.1,2017-11-04,0,,,17.2,9.4
USC00442009,"CORBIN, VA US",38.2022,-77.3747,67.1,2017-11-05,11.2,,,15,10
USC00442009,"CORBIN, VA US",38.2022,-77.3747,67.1,2017-11-06,0,,,23.3,13.9
USC00442009,"CORBIN, VA US",38.2022,-77.3747,67.1,2017-11-07,0.3,,,13.9,4.4
USC00442009,"CORBIN, VA US",38.2022,-77.3747,67.1,2017-11-08,8.1,,,6.7,3.9
USC00442009,"CORBIN, VA US",38.2022,-77.3747,67.1,2017-11-09,2.5,,,12.2,5.6
USC00442009,"CORBIN, VA US",38.2022,-77.3747,67.1,2017-11-10,0,,,8.9,-2.2
USC00442009,"CORBIN, VA US",38.2022,-77.3747,67.1,2017-11-11,0,,,3.3,-5.6
USC00442009,"CORBIN, VA US",38.2022,-77.3747,67.1,2017-11-12,,,,8.3,-3.3
USC00442009,"CORBIN, VA US",38.2022,-77.3747,67.1,2017-11-13,7.6,,,11.1,1.7
USC00442009,"CORBIN, VA US",38.2022,-77.3747,67.1,2017-11-14,0.3,,,8.9,0.6
USC00442009,"CORBIN, VA US",38.2022,-77.3747,67.1,2017-11-15,0,,,11.7,-2.2
USC00442009,"CORBIN, VA US",38.2022,-77.3747,67.1,2017-11-16,0,,,16.7,3.3
USC00442009,"CORBIN, VA US",38.2022,-77.3747,67.1,2017-11-17,0,,,11.7,-2.2
USC00442009,"CORBIN, VA US",38.2022,-77.3747,67.1,2017-11-18,0,,,16.7,-0.6
USC00442009,"CORBIN, VA US",38.2022,-77.3747,67.1,2017-11-19,0,,,16.7,2.8
USC00442009,"CORBIN, VA US",38.2022,-77.3747,67.1,2017-11-20,0,,,11.7,-2.8
USC00442009,"CORBIN, VA US",38.2022,-77.3747,67.1,2017-11-21,0,,,17.2,3.3
USC00442009,"CORBIN, VA US",38.2022,-77.3747,67.1,2017-11-22,0,,,14.4,1.1
USC00442009,"CORBIN, VA US",38.2022,-77.3747,67.1,2017-11-23,5.8,,,7.2,-2.8
USC00442009,"CORBIN, VA US",38.2022,-77.3747,67.1,2017-11-24,0,,,12.2,-3.9
USC00442009,"CORBIN, VA US",38.2022,-77.3747,67.1,2017-11-25,0,,,18.3,0.6
USC00442009,"CORBIN, VA US",38.2022,-77.3747,67.1,2017-11-26,0,,,12.8,-0.6
USC00442009,"CORBIN, VA US",38.2022,-77.3747,67.1,2017-11-27,0,,,15.6,-1.7
USC00442009,"CORBIN, VA US",38.2022,-77.3747,67.1,2017-11-28,0,,,17.8,-0.6
USC00442009,"CORBIN, VA US",38.2022,-77.3747,67.1,2017-11-29,0,,,21.1,1.7
USC00442009,"CORBIN, VA US",38.2022,-77.3747,67.1,2017-11-30,0,,,16.7,1.7
USC00442009,"CORBIN, VA US",38.2022,-77.3747,67.1,2017-12-01,0,,,13.3,0.6
USC00442009,"CORBIN, VA US",38.2022,-77.3747,67.1,2017-12-02,0,,,10.6,-2.2
USC00442009,"CORBIN, VA US",38.2022,-77.3747,67.1,2017-12-03,0,,,13.9,0
USC00442009,"CORBIN, VA US",38.2022,-77.3747,67.1,2017-12-04,0,,,13.3,-1.7
USC00442009,"CORBIN, VA US",38.2022,-77.3747,67.1,2017-12-05,0,,,17.8,4.4
USC00442009,"CORBIN, VA US",38.2022,-77.3747,67.1,2017-12-06,4.3,,,13.3,4.4
USC00442009,"CORBIN, VA US",38.2022,-77.3747,67.1,2017-12-07,0,,,9.4,1.1
USC00442009,"CORBIN, VA US",38.2022,-77.3747,67.1,2017-12-08,0,,,3.9,0
USC00442009,"CORBIN, VA US",38.2022,-77.3747,67.1,2017-12-09,0,,,0.6,-2.2
USC00442009,"CORBIN, VA US",38.2022,-77.3747,67.1,2017-12-10,6.4,13,0,5,-3.9
USC00442009,"CORBIN, VA US",38.2022,-77.3747,67.1,2017-12-11,0,,,10,-2.8
USC00442009,"CORBIN, VA US",38.2022,-77.3747,67.1,2017-12-12,0,,,10,-4.4
USC00442009,"CORBIN, VA US",38.2022,-77.3747,67.1,2017-12-13,0,,,1.7,-9.4
USC00442009,"CORBIN, VA US",38.2022,-77.3747,67.1,2017-12-14,0,,,7.8,-1.1
USC00442009,"CORBIN, VA US",38.2022,-77.3747,67.1,2017-12-15,0,,,-1.1,-7.2
USC00442009,"CORBIN, VA US",38.2022,-77.3747,67.1,2017-12-16,0,0,,8.9,-6.7
USC00442009,"CORBIN, VA US",38.2022,-77.3747,67.1,2017-12-17,0,,,9.4,-3.3
USC00442009,"CORBIN, VA US",38.2022,-77.3747,67.1,2017-12-18,0.3,,,15.6,0
USC00442009,"CORBIN, VA US",38.2022,-77.3747,67.1,2017-12-19,0,,,16.7,0.6
USC00442009,"CORBIN, VA US",38.2022,-77.3747,67.1,2017-12-20,0,,,13.9,-1.1
USC00442009,"CORBIN, VA US",38.2022,-77.3747,67.1,2017-12-21,0,,,7.8,-3.3
USC00442009,"CORBIN, VA US",38.2022,-77.3747,67.1,2017-12-22,0,,,14.4,0
USC00442009,"CORBIN, VA US",38.2022,-77.3747,67.1,2017-12-23,0,,,19.4,7.2
USC00442009,"CORBIN, VA US",38.2022,-77.3747,67.1,2017-12-24,0,,,7.2,3.3
USC00442009,"CORBIN, VA US",38.2022,-77.3747,67.1,2017-12-25,0,,,4.4,-2.2
USC00442009,"CORBIN, VA US",38.2022,-77.3747,67.1,2017-12-26,0,,,2.8,-2.8
USC00442009,"CORBIN, VA US",38.2022,-77.3747,67.1,2017-12-27,0,,,1.7,-7.8
USC00442009,"CORBIN, VA US",38.2022,-77.3747,67.1,2017-12-28,0,,,-4.4,-11.7
USC00442009,"CORBIN, VA US",38.2022,-77.3747,67.1,2017-12-29,0,,,1.1,-11.7
USC00442009,"CORBIN, VA US",38.2022,-77.3747,67.1,2017-12-30,0,,,-2.2,-6.7
USC00442009,"CORBIN, VA US",38.2022,-77.3747,67.1,2017-12-31,0,0,,-5,-12.2
USC00442009,"CORBIN, VA US",38.2022,-77.3747,67.1,2018-01-01,0,,,-5,-15.6
USC00442009,"CORBIN, VA US",38.2022,-77.3747,67.1,2018-01-02,0,,,-3.9,-16.7
USC00442009,"CORBIN, VA US",38.2022,-77.3747,67.1,2018-01-03,0,,,1.1,-16.1
USC00442009,"CORBIN, VA US",38.2022,-77.3747,67.1,2018-01-04,2.8,0,0,-3.3,-10
USC00442009,"CORBIN, VA US",38.2022,-77.3747,67.1,2018-01-05,0,0,0,-5.6,-15.6
USC00442009,"CORBIN, VA US",38.2022,-77.3747,67.1,2018-01-06,0,,,-7.2,-18.3
USC00442009,"CORBIN, VA US",38.2022,-77.3747,67.1,2018-01-07,0,,,-5,-18.9
USC00442009,"CORBIN, VA US",38.2022,-77.3747,67.1,2018-01-08,0,,,4.4,-8.9
USC00442009,"CORBIN, VA US",38.2022,-77.3747,67.1,2018-01-09,3.8,,,10.6,-2.8
USC00442009,"CORBIN, VA US",38.2022,-77.3747,67.1,2018-01-10,0.3,,,5,-3.3
USC00442009,"CORBIN, VA US",38.2022,-77.3747,67.1,2018-01-11,0,,,18.3,2.2
USC00442009,"CORBIN, VA US",38.2022,-77.3747,67.1,2018-01-12,6.4,,,20.6,15.6
USC00442009,"CORBIN, VA US",38.2022,-77.3747,67.1,2018-01-13,,,,15.6,-6.7
USC00442009,"CORBIN, VA US",38.2022,-77.3747,67.1,2018-01-14,,,,-3.3,-9.4
USC00442009,"CORBIN, VA US",38.2022,-77.3747,67.1,2018-01-15,6.4,,,0.6,-11.1
USC00442009,"CORBIN, VA US",38.2022,-77.3747,67.1,2018-01-16,0,,,5,-3.9
USC00442009,"CORBIN, VA US",38.2022,-77.3747,67.1,2018-01-17,0.3,5,0,1.1,-7.2
USC00442009,"CORBIN, VA US",38.2022,-77.3747,67.1,2018-01-18,0,,,6.1,-11.7
USC00442009,"CORBIN, VA US",38.2022,-77.3747,67.1,2018-01-19,0,,,13.3,-7.2
USC00442009,"CORBIN, VA US",38.2022,-77.3747,67.1,2018-01-20,0,,,16.1,-1.7
USC00442009,"CORBIN, VA US",38.2022,-77.3747,67.1,2018-01-21,0,,,18.9,-1.7
USC00442009,"CORBIN, VA US",38.2022,-77.3747,67.1,2018-01-22,0,,,19.4,10.6
USC00442009,"CORBIN, VA US",38.2022,-77.3747,67.1,2018-01-23,4.1,,,21.1,3.3
USC00442009,"CORBIN, VA US",38.2022,-77.3747,67.1,2018-01-24,1,,,9.4,0
USC00442009,"CORBIN, VA US",38.2022,-77.3747,67.1,2018-01-25,0,,,6.1,-3.9
USC00442009,"CORBIN, VA US",38.2022,-77.3747,67.1,2018-01-26,0,,,11.7,-6.7
USC00442009,"CORBIN, VA US",38.2022,-77.3747,67.1,2018-01-27,0,,,17.2,1.1
USC00442009,"CORBIN, VA US",38.2022,-77.3747,67.1,2018-01-28,7.9,,,12.8,8.9
USC00442009,"CORBIN, VA US",38.2022,-77.3747,67.1,2018-01-29,16.3,,,8.9,1.1
USC00442009,"CORBIN, VA US",38.2022,-77.3747,67.1,2018-01-30,4.3,3,0,1.7,-6.1
USC00442009,"CORBIN, VA US",38.2022,-77.3747,67.1,2018-01-31,0,,,3.9,-7.8
USC00442009,"CORBIN, VA US",38.2022,-77.3747,67.1,2018-02-01,0,,,13.3,2.2
USC00442009,"CORBIN, VA US",38.2022,-77.3747,67.1,2018-02-02,2.5,,,6.1,-8.9
USC00442009,"CORBIN, VA US",38.2022,-77.3747,67.1,2018-02-03,0,,,2.2,-12.8
USC00442009,"CORBIN, VA US",38.2022,-77.3747,67.1,2018-02-04,,,,0.6,-1.1
USC00442009,"CORBIN, VA US",38.2022,-77.3747,67.1,2018-02-05,25.1,,,3.3,-3.9
USC00442009,"CORBIN, VA US",38.2022,-77.3747,67.1,2018-02-06,0,,,8.3,-5
USC00442009,"CORBIN, VA US",38.2022,-77.3747,67.1,2018-02-07,1.3,,,3.9,0
USC00442009,"CORBIN, VA US",38.2022,-77.3747,67.1,2018-02-08,7.6,,,3.3,-3.9
USC00442009,"CORBIN, VA US",38.2022,-77.3747,67.1,2018-02-09,0,,,10,-5
USC00442009,"CORBIN, VA US",38.2022,-77.3747,67.1,2018-02-10,,,,10.6,2.2
USC00442009,"CORBIN, VA US",38.2022,-77.3747,67.1,2018-02-11,78.7,,,21.1,10.6
USC00442009,"CORBIN, VA US",38.2022,-77.3747,67.1,2018-02-12,10.2,,,18.3,0
USC00442009,"CORBIN, VA US",38.2022,-77.3747,67.1,2018-02-13,1,,,3.9,-2.2
USC00442009,"CORBIN, VA US",38.2022,-77.3747,67.1,2018-02-14,0,,,15.6,-1.1
USC00442009,"CORBIN, VA US",38.2022,-77.3747,67.1,2018-02-15,0.3,,,23.9,11.1
USC00442009,"CORBIN, VA US",38.2022,-77.3747,67.1,2018-02-16,0.5,,,20,3.9
USC00442009,"CORBIN, VA US",38.2022,-77.3747,67.1,2018-02-17,0,,,5.6,-0.6
USC00442009,"CORBIN, VA US",38.2022,-77.3747,67.1,2018-02-18,,,,11.7,1.7
USC00442009,"CORBIN, VA US",38.2022,-77.3747,67.1,2018-02-19,,,,10,2.2
USC00442009,"CORBIN, VA US",38.2022,-77.3747,67.1,2018-02-20,13.7,,,25.6,10
USC00442009,"CORBIN, VA US",38.2022,-77.3747,67.1,2018-02-21,0,,,27.2,15.6
USC00442009,"CORBIN, VA US",38.2022,-77.3747,67.1,2018-02-22,0,,,18.9,6.1
USC00442009,"CORBIN, VA US",38.2022,-77.3747,67.1,2018-02-23,3.3,,,9.4,4.4
USC00442009,"CORBIN, VA US",38.2022,-77.3747,67.1,2018-02-24,0,,,17.2,8.9
USC00442009,"CORBIN, VA US",38.2022,-77.3747,67.1,2018-02-25,4.1,,,13.3,8.3
USC00442009,"CORBIN, VA US",38.2022,-77.3747,67.1,2018-02-26,1.5,,,11.1,1.1
USC00442009,"CORBIN, VA US",38.2022,-77.3747,67.1,2018-02-27,0.3,,,15,-1.7
USC00442009,"CORBIN, VA US",38.2022,-77.3747,67.1,2018-02-28,0,,,15.6,3.9
USC00442009,"CORBIN, VA US",38.2022,-77.3747,67.1,2018-03-01,0,,,12.2,7.8
USC00442009,"CORBIN, VA US",38.2022,-77.3747,67.1,2018-03-02,0.5,,,12.2,3.9
USC00442009,"CORBIN, VA US",38.2022,-77.3747,67.1,2018-03-03,0,,,10.6,1.1
USC00442009,"CORBIN, VA US",38.2022,-77.3747,67.1,2018-03-04,0,,,11.1,0
USC00442009,"CORBIN, VA US",38.2022,-77.3747,67.1,2018-03-05,0,,,8.3,-1.7
USC00442009,"CORBIN, VA US",38.2022,-77.3747,67.1,2018-03-06,0,,,7.2,-4.4
USC00442009,"CORBIN, VA US",38.2022,-77.3747,67.1,2018-03-07,9.9,,,11.1,1.7
USC00442009,"CORBIN, VA US",38.2022,-77.3747,67.1,2018-03-08,0.5,,,6.7,-3.3
USC00442009,"CORBIN, VA US",38.2022,-77.3747,67.1,2018-03-09,0,,,7.8,-2.8
USC00442009,"CORBIN, VA US",38.2022,-77.3747,67.1,2018-03-10,0,,,7.8,-4.4
USC00442009,"CORBIN, VA US",38.2022,-77.3747,67.1,2018-03-11,0,,,8.3,-2.8
USC00442009,"CORBIN, VA US",38.2022,-77.3747,67.1,2018-03-12,0,,,3.9,-1.1
USC00442009,"CORBIN, VA US",38.2022,-77.3747,67.1,2018-03-13,2,0,,8.3,-7.2
USC00442009,"CORBIN, VA US",38.2022,-77.3747,67.1,2018-03-14,0,,,6.1,-3.9
USC00442009,"CORBIN, VA US",38.2022,-77.3747,67.1,2018-03-15,0,,,13.9,-2.2
USC00442009,"CORBIN, VA US",38.2022,-77.3747,67.1,2018-03-16,0,,,8.9,-3.3
USC00442009,"CORBIN, VA US",38.2022,-77.3747,67.1,2018-03-17,0,,,8.3,-5.6
USC00442009,"CORBIN, VA US",38.2022,-77.3747,67.1,2018-03-18,0,,,14.4,0
USC00442009,"CORBIN, VA US",38.2022,-77.3747,67.1,2018-03-19,0,,,9.4,-1.7
USC00442009,"CORBIN, VA US",38.2022,-77.3747,67.1,2018-03-20,14,,,6.1,-0.6
USC00442009,"CORBIN, VA US",38.2022,-77.3747,67.1,2018-03-21,18,107,51,1.1,-1.1
USC00442009,"CORBIN, VA US",38.2022,-77.3747,67.1,2018-03-22,10.7,79,,9.4,0
USC00442009,"CORBIN, VA US",38.2022,-77.3747,67.1,2018-03-23,0,,,10,-1.1
USC00442009,"CORBIN, VA US",38.2022,-77.3747,67.1,2018-03-24,0,,,9.4,-2.2
USC00442009,"CORBIN, VA US",38.2022,-77.3747,67.1,2018-03-25,0,,,8.9,-2.8
USC00442009,"CORBIN, VA US",38.2022,-77.3747,67.1,2018-03-26,0,,,8.3,-3.3
USC00442009,"CORBIN, VA US",38.2022,-77.3747,67.1,2018-03-27,0,,,6.7,-2.8
USC00442009,"CORBIN, VA US",38.2022,-77.3747,67.1,2018-03-28,8.4,,,13.9,4.4
USC00442009,"CORBIN, VA US",38.2022,-77.3747,67.1,2018-03-29,1.3,,,27.8,6.7
USC00442009,"CORBIN, VA US",38.2022,-77.3747,67.1,2018-03-30,0,,,24.4,6.7
USC00442009,"CORBIN, VA US",38.2022,-77.3747,67.1,2018-03-31,0,,,16.7,0
USC00442009,"CORBIN, VA US",38.2022,-77.3747,67.1,2018-04-01,0,,,20,8.9
USC00442009,"CORBIN, VA US",38.2022,-77.3747,67.1,2018-04-02,0,,,12.2,5
USC00442009,"CORBIN, VA US",38.2022,-77.3747,67.1,2018-04-03,0,,,15,6.1
USC00442009,"CORBIN, VA US",38.2022,-77.3747,67.1,2018-04-04,0,,,23.3,3.9
USC00442009,"CORBIN, VA US",38.2022,-77.3747,67.1,2018-04-05,0,,,13.3,-1.1
USC00442009,"CORBIN, VA US",38.2022,-77.3747,67.1,2018-04-06,0,,,21.1,0
USC00442009,"CORBIN, VA US",38.2022,-77.3747,67.1,2018-04-07,0,,,16.1,0
USC00442009,"CORBIN, VA US",38.2022,-77.3747,67.1,2018-04-08,0,,,11.1,-0.6
USC00442009,"CORBIN, VA US",38.2022,-77.3747,67.1,2018-04-09,3.8,,,7.8,1.7
USC00442009,"CORBIN, VA US",38.2022,-77.3747,67.1,2018-04-10,0,0,,12.8,0
USC00442009,"CORBIN, VA US",38.2022,-77.3747,67.1,2018-04-11,0,,,15.6,0
USC00442009,"CORBIN, VA US",38.2022,-77.3747,67.1,2018-04-12,0,,,25,6.1
USC00442009,"CORBIN, VA US",38.2022,-77.3747,67.1,2018-04-13,0,,,29.4,14.4
USC00442009,"CORBIN, VA US",38.2022,-77.3747,67.1,2018-04-14,,,,28.9,17.2
USC00442009,"CORBIN, VA US",38.2022,-77.3747,67.1,2018-04-15,,,,24.4,10
USC00442009,"CORBIN, VA US",38.2022,-77.3747,67.1,2018-04-16,40.6,,,17.8,6.1
USC00442009,"CORBIN, VA US",38.2022,-77.3747,67.1,2018-04-17,2.5,,,10,0.6
USC00442009,"CORBIN, VA US",38.2022,-77.3747,67.1,2018-04-18,0,,,19.4,-0.6
USC00442009,"CORBIN, VA US",38.2022,-77.3747,67.1,2018-04-19,1.5,,,16.7,1.7
USC00442009,"CORBIN, VA US",38.2022,-77.3747,67.1,2018-04-20,0,,,16.1,0.6
USC00442009,"CORBIN, VA US",38.2022,-77.3747,67.1,2018-04-21,,,,17.8,1.7
USC00442009,"CORBIN, VA US",38.2022,-77.3747,67.1,2018-04-22,,,,20.6,6.7
USC00442009,"CORBIN, VA US",38.2022,-77.3747,67.1,2018-04-23,1.3,,,20,5
USC00442009,"CORBIN, VA US",38.2022,-77.3747,67.1,2018-04-24,0,,,13.9,11.7
USC00442009,"CORBIN, VA US",38.2022,-77.3747,67.1,2018-04-25,22.9,,,16.7,12.2
USC00442009,"CORBIN, VA US",38.2022,-77.3747,67.1,2018-04-26,0.5,,,23.3,7.8
USC00442009,"CORBIN, VA US",38.2022,-77.3747,67.1,2018-04-27,19.1,,,17.8,10.6
USC00442009,"CORBIN, VA US",38.2022,-77.3747,67.1,2018-04-28,0,,,26.1,8.9
USC00442009,"CORBIN, VA US",38.2022,-77.3747,67.1,2018-04-29,0,,,15,3.3
USC00442009,"CORBIN, VA US",38.2022,-77.3747,67.1,2018-04-30,0,,,22.2,-0.6
USC00442009,"CORBIN, VA US",38.2022,-77.3747,67.1,2018-05-01,0,,,28.3,4.4
USC00442009,"CORBIN, VA US",38.2022,-77.3747,67.1,2018-05-02,0,,,32.2,10.6
USC00442009,"CORBIN, VA US",38.2022,-77.3747,67.1,2018-05-03,0,,,32.8,18.3
USC00442009,"CORBIN, VA US",38.2022,-77.3747,67.1,2018-05-04,0,,,32.2,18.3
USC00442009,"CORBIN, VA US",38.2022,-77.3747,67.1,2018-05-05,0,,,24.4,15.6
USC00442009,"CORBIN, VA US",38.2022,-77.3747,67.1,2018-05-06,0,,,21.7,12.2
USC00442009,"CORBIN, VA US",38.2022,-77.3747,67.1,2018-05-07,0,,,23.3,11.1
USC00442009,"CORBIN, VA US",38.2022,-77.3747,67.1,2018-05-08,0,,,23.9,8.9
USC00442009,"CORBIN, VA US",38.2022,-77.3747,67.1,2018-05-09,0,,,24.4,8.3
USC00442009,"CORBIN, VA US",38.2022,-77.3747,67.1,2018-05-10,0,,,29.4,13.3
USC00442009,"CORBIN, VA US",38.2022,-77.3747,67.1,2018-05-11,0,,,29.4,12.2
USC00442009,"CORBIN, VA US",38.2022,-77.3747,67.1,2018-05-12,0,,,32.8,16.7
USC00442009,"CORBIN, VA US",38.2022,-77.3747,67.1,2018-05-13,0,,,30,16.7
USC00442009,"CORBIN, VA US",38.2022,-77.3747,67.1,2018-05-14,0,,,30.6,16.7
USC00442009,"CORBIN, VA US",38.2022,-77.3747,67.1,2018-05-15,15,,,31.1,15
USC00442009,"CORBIN, VA US",38.2022,-77.3747,67.1,2018-05-16,0.5,,,24.4,18.9
USC00442009,"CORBIN, VA US",38.2022,-77.3747,67.1,2018-05-17,,,,22.8,18.3
USC00442009,"CORBIN, VA US",38.2022,-77.3747,67.1,2018-05-18,65,,,20,13.9
USC00442009,"CORBIN, VA US",38.2022,-77.3747,67.1,2018-05-19,37.1,,,22.8,13.9
USC00442009,"CORBIN, VA US",38.2022,-77.3747,67.1,2018-05-20,1.3,,,31.1,20
USC00442009,"CORBIN, VA US",38.2022,-77.3747,67.1,2018-05-21,0,,,26.7,17.8
USC00442009,"CORBIN, VA US",38.2022,-77.3747,67.1,2018-05-22,0,,,28.9,17.8
USC00442009,"CORBIN, VA US",38.2022,-77.3747,67.1,2018-05-23,6.4,,,28.3,15.6
USC00442009,"CORBIN, VA US",38.2022,-77.3747,67.1,2018-05-24,0,,,28.3,13.3
USC00442009,"CORBIN, VA US",38.2022,-77.3747,67.1,2018-05-25,0,,,29.4,15
USC00442009,"CORBIN, VA US",38.2022,-77.3747,67.1,2018-05-26,0,,,31.1,20.6
USC00442009,"CORBIN, VA US",38.2022,-77.3747,67.1,2018-05-27,,,,31.1,21.1
USC00442009,"CORBIN, VA US",38.2022,-77.3747,67.1,2018-05-28,,,,21.7,18.9
USC00442009,"CORBIN, VA US",38.2022,-77.3747,67.1,2018-05-29,15.2,,,28.3,18.9
USC00442009,"CORBIN, VA US",38.2022,-77.3747,67.1,2018-05-30,0,,,26.1,19.4
USC00442009,"CORBIN, VA US",38.2022,-77.3747,67.1,2018-05-31,0.8,,,30,20.6
USC00442009,"CORBIN, VA US",38.2022,-77.3747,67.1,2018-06-01,7.4,,,31.7,20
USC00442009,"CORBIN, VA US",38.2022,-77.3747,67.1,2018-06-02,,,,26.7,20.6
USC00442009,"CORBIN, VA US",38.2022,-77.3747,67.1,2018-06-03,,,,21.7,13.3
USC00442009,"CORBIN, VA US",38.2022,-77.3747,67.1,2018-06-04,84.1,,,26.7,13.3
USC00442009,"CORBIN, VA US",38.2022,-77.3747,67.1,2018-06-05,0,,,27.2,12.2
USC00442009,"CORBIN, VA US",38.2022,-77.3747,67.1,2018-06-06,0,,,23.9,13.3
USC00442009,"CORBIN, VA US",38.2022,-77.3747,67.1,2018-06-07,0,,,27.2,14.4
USC00442009,"CORBIN, VA US",38.2022,-77.3747,67.1,2018-06-08,0,,,30.6,14.4
USC00442009,"CORBIN, VA US",38.2022,-77.3747,67.1,2018-06-09,,,,31.1,19.4
USC00442009,"CORBIN, VA US",38.2022,-77.3747,67.1,2018-06-10,,,,28.9,17.8
USC00442009,"CORBIN, VA US",38.2022,-77.3747,67.1,2018-06-11,,,,19.4,15
USC00442009,"CORBIN, VA US",38.2022,-77.3747,67.1,2018-06-12,23.9,,,25,12.8
USC00442009,"CORBIN, VA US",38.2022,-77.3747,67.1,2018-06-13,0,,,30,17.8
USC00442009,"CORBIN, VA US",38.2022,-77.3747,67.1,2018-06-14,0,,,29.4,16.7
USC00442009,"CORBIN, VA US",38.2022,-77.3747,67.1,2018-06-15,0,,,28.3,13.9
USC00442009,"CORBIN, VA US",38.2022,-77.3747,67.1,2018-06-16,0,,,30.6,14.4
USC00442009,"CORBIN, VA US",38.2022,-77.3747,67.1,2018-06-17,0,,,30.6,17.8
USC00442009,"CORBIN, VA US",38.2022,-77.3747,67.1,2018-06-18,0,,,33.9,20
USC00442009,"CORBIN, VA US",38.2022,-77.3747,67.1,2018-06-19,0,,,34.4,22.2
USC00442009,"CORBIN, VA US",38.2022,-77.3747,67.1,2018-06-20,28.7,,,31.1,21.1
USC00442009,"CORBIN, VA US",38.2022,-77.3747,67.1,2018-06-21,0,,,30,19.4
USC00442009,"CORBIN, VA US",38.2022,-77.3747,67.1,2018-06-22,33,,,22.8,18.3
USC00442009,"CORBIN, VA US",38.2022,-77.3747,67.1,2018-06-23,,,,29.4,19.4
USC00442009,"CORBIN, VA US",38.2022,-77.3747,67.1,2018-06-24,,,,32.2,20.6
USC00442009,"CORBIN, VA US",38.2022,-77.3747,67.1,2018-06-25,21.8,,,27.8,19.4
USC00442009,"CORBIN, VA US",38.2022,-77.3747,67.1,2018-06-26,0,,,26.1,16.7
USC00442009,"CORBIN, VA US",38.2022,-77.3747,67.1,2018-06-27,1.3,,,28.9,17.8
USC00442009,"CORBIN, VA US",38.2022,-77.3747,67.1,2018-06-28,0,,,31.7,21.1
USC00442009,"CORBIN, VA US",38.2022,-77.3747,67.1,2018-06-29,0,,,31.7,18.9
USC00442009,"CORBIN, VA US",38.2022,-77.3747,67.1,2018-06-30,0,,,33.3,18.3
USC00442009,"CORBIN, VA US",38.2022,-77.3747,67.1,2018-07-01,0,,,33.9,20
USC00442009,"CORBIN, VA US",38.2022,-77.3747,67.1,2018-07-02,0,,,35.6,22.2
USC00442009,"CORBIN, VA US",38.2022,-77.3747,67.1,2018-07-03,0,,,34.4,23.3
USC00442009,"CORBIN, VA US",38.2022,-77.3747,67.1,2018-07-04,0,,,32.2,22.2
USC00442009,"CORBIN, VA US",38.2022,-77.3747,67.1,2018-07-05,0,,,33.3,22.2
USC00442009,"CORBIN, VA US",38.2022,-77.3747,67.1,2018-07-06,0,,,30.6,23.9
USC00442009,"CORBIN, VA US",38.2022,-77.3747,67.1,2018-07-07,0,,,25,15.6
USC00442009,"CORBIN, VA US",38.2022,-77.3747,67.1,2018-07-08,0,,,27.2,11.7
USC00442009,"CORBIN, VA US",38.2022,-77.3747,67.1,2018-07-09,0,,,30,11.7
USC00442009,"CORBIN, VA US",38.2022,-77.3747,67.1,2018-07-10,0,,,32.8,16.1
USC00442009,"CORBIN, VA US",38.2022,-77.3747,67.1,2018-07-11,0,,,31.7,20
USC00442009,"CORBIN, VA US",38.2022,-77.3747,67.1,2018-07-12,0,,,30.6,18.3
USC00442009,"CORBIN, VA US",38.2022,-77.3747,67.1,2018-07-13,0,,,29.4,17.8
USC00442009,"CORBIN, VA US",38.2022,-77.3747,67.1,2018-07-14,0,,,31.7,14.4
USC00442009,"CORBIN, VA US",38.2022,-77.3747,67.1,2018-07-15,0,,,31.1,18.9
USC00442009,"CORBIN, VA US",38.2022,-77.3747,67.1,2018-07-16,0,,,35,22.8
USC00442009,"CORBIN, VA US",38.2022,-77.3747,67.1,2018-07-17,0,,,33.9,22.8
USC00442009,"CORBIN, VA US",38.2022,-77.3747,67.1,2018-07-18,0,,,29.4,17.8
USC00442009,"CORBIN, VA US",38.2022,-77.3747,67.1,2018-07-19,0,,,30.6,15.6
USC00442009,"CORBIN, VA US",38.2022,-77.3747,67.1,2018-07-20,0,,,30,16.7
USC00442009,"CORBIN, VA US",38.2022,-77.3747,67.1,2018-07-21,,,,22.2,18.3
USC00442009,"CORBIN, VA US",38.2022,-77.3747,67.1,2018-07-22,,,,28.3,16.7
USC00442009,"CORBIN, VA US",38.2022,-77.3747,67.1,2018-07-23,106.7,,,28.3,21.7
USC00442009,"CORBIN, VA US",38.2022,-77.3747,67.1,2018-07-24,12.7,,,27.2,22.8
USC00442009,"CORBIN, VA US",38.2022,-77.3747,67.1,2018-07-25,1,,,28.3,21.1
USC00442009,"CORBIN, VA US",38.2022,-77.3747,67.1,2018-07-26,0.5,,,31.1,20
USC00442009,"CORBIN, VA US",38.2022,-77.3747,67.1,2018-07-27,0,,,32.8,21.7
USC00442009,"CORBIN, VA US",38.2022,-77.3747,67.1,2018-07-28,23.6,,,29.4,19.4
USC00442009,"CORBIN, VA US",38.2022,-77.3747,67.1,2018-07-29,0,,,28.9,17.8
USC00442009,"CORBIN, VA US",38.2022,-77.3747,67.1,2018-07-30,18.5,,,24.4,18.9
USC00442009,"CORBIN, VA US",38.2022,-77.3747,67.1,2018-07-31,0,,,28.3,21.1
USC00442009,"CORBIN, VA US",38.2022,-77.3747,67.1,2018-08-01,28.7,,,31.7,22.8
USC00442009,"CORBIN, VA US",38.2022,-77.3747,67.1,2018-08-02,0,,,31.1,21.7
USC00442009,"CORBIN, VA US",38.2022,-77.3747,67.1,2018-08-03,1.3,,,29.4,21.1
USC00442009,"CORBIN, VA US",38.2022,-77.3747,67.1,2018-08-04,0,,,31.7,20.6
USC00442009,"CORBIN, VA US",38.2022,-77.3747,67.1,2018-08-05,0,,,32.2,20
USC00442009,"CORBIN, VA US",38.2022,-77.3747,67.1,2018-08-06,0,,,33.3,20
USC00442009,"CORBIN, VA US",38.2022,-77.3747,67.1,2018-08-07,0,,,33.3,21.1
USC00442009,"CORBIN, VA US",38.2022,-77.3747,67.1,2018-08-08,0,,,33.3,20.6
USC00442009,"CORBIN, VA US",38.2022,-77.3747,67.1,2018-08-09,0,,,31.7,21.1
USC00442009,"CORBIN, VA US",38.2022,-77.3747,67.1,2018-08-10,0,,,31.7,20.6
USC00442009,"CORBIN, VA US",38.2022,-77.3747,67.1,2018-08-11,0,,,31.7,20.6
USC00442009,"CORBIN, VA US",38.2022,-77.3747,67.1,2018-08-12,1.5,,,29.4,18.3
USC00442009,"CORBIN, VA US",38.2022,-77.3747,67.1,2018-08-13,21.6,,,30,17.8
USC00442009,"CORBIN, VA US",38.2022,-77.3747,67.1,2018-08-14,10.2,,,29.4,16.1
USC00442009,"CORBIN, VA US",38.2022,-77.3747,67.1,2018-08-15,3.3,,,31.1,18.3
USC00442009,"CORBIN, VA US",38.2022,-77.3747,67.1,2018-08-16,0,,,32.8,20
USC00442009,"CORBIN, VA US",38.2022,-77.3747,67.1,2018-08-17,0,,,33.3,22.2
USC00442009,"CORBIN, VA US",38.2022,-77.3747,67.1,2018-08-18,0,,,30.6,21.7
USC00442009,"CORBIN, VA US",38.2022,-77.3747,67.1,2018-08-19,0,,,28.9,20
USC00442009,"CORBIN, VA US",38.2022,-77.3747,67.1,2018-08-20,3,,,26.7,21.1
USC00442009,"CORBIN, VA US",38.2022,-77.3747,67.1,2018-08-21,0,,,30.6,22.8
USC00442009,"CORBIN, VA US",38.2022,-77.3747,67.1,2018-08-22,4.3,,,27.8,20
USC00442009,"CORBIN, VA US",38.2022,-77.3747,67.1,2018-08-23,4.8,,,25.6,14.4
USC00442009,"CORBIN, VA US",38.2022,-77.3747,67.1,2018-08-24,0,,,27.8,12.2
USC00442009,"CORBIN, VA US",38.2022,-77.3747,67.1,2018-08-25,0,,,27.8,13.3
USC00442009,"CORBIN, VA US",38.2022,-77.3747,67.1,2018-08-26,0,,,31.1,16.1
USC00442009,"CORBIN, VA US",38.2022,-77.3747,67.1,2018-08-27,0,,,33.3,20
USC00442009,"CORBIN, VA US",38.2022,-77.3747,67.1,2018-08-28,0,,,34.4,22.2
USC00442009,"CORBIN, VA US",38.2022,-77.3747,67.1,2018-08-29,0,,,35,23.3
USC00442009,"CORBIN, VA US",38.2022,-77.3747,67.1,2018-08-30,0,,,31.7,22.2
USC00442009,"CORBIN, VA US",38.2022,-77.3747,67.1,2018-08-31,5.3,,,31.1,21.7
USC00442009,"CORBIN, VA US",38.2022,-77.3747,67.1,2018-09-01,0,,,29.4,21.1
USC00442009,"CORBIN, VA US",38.2022,-77.3747,67.1,2018-09-02,42.4,,,31.7,19.4
USC00442009,"CORBIN, VA US",38.2022,-77.3747,67.1,2018-09-03,0,,,33.3,22.8
USC00442009,"CORBIN, VA US",38.2022,-77.3747,67.1,2018-09-04,0,,,33.3,22.2
USC00442009,"CORBIN, VA US",38.2022,-77.3747,67.1,2018-09-05,0,,,33.9,21.7
USC00442009,"CORBIN, VA US",38.2022,-77.3747,67.1,2018-09-06,0,,,34.4,21.7
USC00442009,"CORBIN, VA US",38.2022,-77.3747,67.1,2018-09-07,0,,,32.2,20.6
USC00442009,"CORBIN, VA US",38.2022,-77.3747,67.1,2018-09-08,0.5,,,25.6,17.8
USC00442009,"CORBIN, VA US",38.2022,-77.3747,67.1,2018-09-09,47.5,,,20,16.1
USC00442009,"CORBIN, VA US",38.2022,-77.3747,67.1,2018-09-10,22.1,,,25.6,18.3
USC00442009,"CORBIN, VA US",38.2022,-77.3747,67.1,2018-09-11,0.5,,,27.2,20
USC00442009,"CORBIN, VA US",38.2022,-77.3747,67.1,2018-09-12,0.5,,,28.9,20
USC00442009,"CORBIN, VA US",38.2022,-77.3747,67.1,2018-09-13,0,,,27.8,21.7
USC00442009,"CORBIN, VA US",38.2022,-77.3747,67.1,2018-09-14,3.6,,,25.6,22.2
USC00442009,"CORBIN, VA US",38.2022,-77.3747,67.1,2018-09-15,0,,,26.1,19.4
USC00442009,"CORBIN, VA US",38.2022,-77.3747,67.1,2018-09-16,0,,,26.1,18.3
USC00442009,"CORBIN, VA US",38.2022,-77.3747,67.1,2018-09-17,11.2,,,25,22.2
USC00442009,"CORBIN, VA US",38.2022,-77.3747,67.1,2018-09-18,22.1,,,28.9,20
USC00442009,"CORBIN, VA US",38.2022,-77.3747,67.1,2018-09-19,3.3,,,30,18.3
USC00442009,"CORBIN, VA US",38.2022,-77.3747,67.1,2018-09-20,0.3,,,28.3,17.8
USC00442009,"CORBIN, VA US",38.2022,-77.3747,67.1,2018-09-21,3.3,,,26.7,18.9
USC00442009,"CORBIN, VA US",38.2022,-77.3747,67.1,2018-09-22,0,,,27.2,16.1
USC00442009,"CORBIN, VA US",38.2022,-77.3747,67.1,2018-09-23,22.6,,,17.8,15
USC00442009,"CORBIN, VA US",38.2022,-77.3747,67.1,2018-09-24,11.7,,,19.4,16.7
USC00442009,"CORBIN, VA US",38.2022,-77.3747,67.1,2018-09-25,10.4,,,28.3,19.4
USC00442009,"CORBIN, VA US",38.2022,-77.3747,67.1,2018-09-26,0.5,,,31.1,21.1
USC00442009,"CORBIN, VA US",38.2022,-77.3747,67.1,2018-09-27,4.1,,,21.7,14.4
USC00442009,"CORBIN, VA US",38.2022,-77.3747,67.1,2018-09-28,20.6,,,23.9,13.9
USC00442009,"CORBIN, VA US",38.2022,-77.3747,67.1,2018-09-29,0,,,24.4,12.8
USC00442009,"CORBIN, VA US",38.2022,-77.3747,67.1,2018-09-30,0,,,25,13.3
USC00442009,"CORBIN, VA US",38.2022,-77.3747,67.1,2018-10-01,0,,,28.3,15.6
USC00442009,"CORBIN, VA US",38.2022,-77.3747,67.1,2018-10-02,0,,,29.4,17.2
USC00442009,"CORBIN, VA US",38.2022,-77.3747,67.1,2018-10-03,0,,,30,18.3
USC00442009,"CORBIN, VA US",38.2022,-77.3747,67.1,2018-10-04,0,,,32.2,17.8
USC00442009,"CORBIN, VA US",38.2022,-77.3747,67.1,2018-10-05,0,,,22.2,17.2
USC00442009,"CORBIN, VA US",38.2022,-77.3747,67.1,2018-10-06,0,,,23.9,17.2
USC00442009,"CORBIN, VA US",38.2022,-77.3747,67.1,2018-10-07,0,,,30.6,20
USC00442009,"CORBIN, VA US",38.2022,-77.3747,67.1,2018-10-08,0,,,28.9,19.4
USC00442009,"CORBIN, VA US",38.2022,-77.3747,67.1,2018-10-09,0,,,27.2,19.4
USC00442009,"CORBIN, VA US",38.2022,-77.3747,67.1,2018-10-10,0,,,28.9,20
USC00442009,"CORBIN, VA US",38.2022,-77.3747,67.1,2018-10-11,2,,,28.9,18.9
USC00442009,"CORBIN, VA US",38.2022,-77.3747,67.1,2018-10-12,106.7,,,18.9,8.9
USC00442009,"CORBIN, VA US",38.2022,-77.3747,67.1,2018-10-13,0,,,15.6,5
USC00442009,"CORBIN, VA US",38.2022,-77.3747,67.1,2018-10-14,0,,,15,5.6
USC00442009,"CORBIN, VA US",38.2022,-77.3747,67.1,2018-10-15,2.8,,,24.4,12.8
USC00442009,"CORBIN, VA US",38.2022,-77.3747,67.1,2018-10-16,0,,,20,11.7
USC00442009,"CORBIN, VA US",38.2022,-77.3747,67.1,2018-10-17,2.3,,,19.4,7.2
USC00442009,"CORBIN, VA US",38.2022,-77.3747,67.1,2018-10-18,0,,,13.9,3.3
USC00442009,"CORBIN, VA US",38.2022,-77.3747,67.1,2018-10-19,0,,,18.9,2.2
USC00442009,"CORBIN, VA US",38.2022,-77.3747,67.1,2018-10-20,3.3,,,20,9.4
USC00442009,"CORBIN, VA US",38.2022,-77.3747,67.1,2018-10-21,0,,,11.7,0.6
USC00442009,"CORBIN, VA US",38.2022,-77.3747,67.1,2018-10-22,0,,,13.9,-1.7
USC00442009,"CORBIN, VA US",38.2022,-77.3747,67.1,2018-10-23,0,,,21.1,10.6
USC00442009,"CORBIN, VA US",38.2022,-77.3747,67.1,2018-10-24,0,,,13.9,2.2
USC00442009,"CORBIN, VA US",38.2022,-77.3747,67.1,2018-10-25,0,,,11.7,-0.6
USC00442009,"CORBIN, VA US",38.2022,-77.3747,67.1,2018-10-26,48.8,,,10.6,2.2
USC00442009,"CORBIN, VA US",38.2022,-77.3747,67.1,2018-10-27,1,,,12.2,8.9
USC00442009,"CORBIN, VA US",38.2022,-77.3747,67.1,2018-10-28,0,,,16.1,8.3
USC00442009,"CORBIN, VA US",38.2022,-77.3747,67.1,2018-10-29,0,,,16.7,4.4
USC00442009,"CORBIN, VA US",38.2022,-77.3747,67.1,2018-10-30,0,,,17.2,2.2
USC00442009,"CORBIN, VA US",38.2022,-77.3747,67.1,2018-10-31,0,,,22.2,6.1
USC00442009,"CORBIN, VA US",38.2022,-77.3747,67.1,2018-11-01,0,,,22.8,13.9
USC00442009,"CORBIN, VA US",38.2022,-77.3747,67.1,2018-11-02,0,,,22.2,12.2
USC00442009,"CORBIN, VA US",38.2022,-77.3747,67.1,2018-11-03,27.4,,,15.6,3.9
USC00442009,"CORBIN, VA US",38.2022,-77.3747,67.1,2018-11-04,0,,,14.4,1.1
USC00442009,"CORBIN, VA US",38.2022,-77.3747,67.1,2018-11-05,36.3,,,13.3,10
USC00442009,"CORBIN, VA US",38.2022,-77.3747,67.1,2018-11-06,13.2,,,18.3,11.1
USC00442009,"CORBIN, VA US",38.2022,-77.3747,67.1,2018-11-07,1.5,,,18.9,6.7
USC00442009,"CORBIN, VA US",38.2022,-77.3747,67.1,2018-11-08,0,,,13.9,6.7
USC00442009,"CORBIN, VA US",38.2022,-77.3747,67.1,2018-11-09,0,,,9.4,6.7
USC00442009,"CORBIN, VA US",38.2022,-77.3747,67.1,2018-11-10,0,,,8.9,-3.3
USC00442009,"CORBIN, VA US",38.2022,-77.3747,67.1,2018-11-11,0,,,8.3,-4.4
USC00442009,"CORBIN, VA US",38.2022,-77.3747,67.1,2018-11-12,0,,,9.4,-1.7
USC00442009,"CORBIN, VA US",38.2022,-77.3747,67.1,2018-11-13,38.1,,,9.4,5.6
USC00442009,"CORBIN, VA US",38.2022,-77.3747,67.1,2018-11-14,0,,,6.1,2.2
USC00442009,"CORBIN, VA US",38.2022,-77.3747,67.1,2018-11-15,10.7,,,3.9,0
USC00442009,"CORBIN, VA US",38.2022,-77.3747,67.1,2018-11-16,29,,,11.7,0
USC00442009,"CORBIN, VA US",38.2022,-77.3747,67.1,2018-11-17,0,,,10.6,-2.2
USC00442009,"CORBIN, VA US",38.2022,-77.3747,67.1,2018-11-18,0,,,11.7,-1.7
USC00442009,"CORBIN, VA US",38.2022,-77.3747,67.1,2018-11-19,0,,,16.1,1.7
USC00442009,"CORBIN, VA US",38.2022,-77.3747,67.1,2018-11-20,0,,,13.3,-0.6
USC00442009,"CORBIN, VA US",38.2022,-77.3747,67.1,2018-11-21,0,,,12.2,-2.2
USC00442009,"CORBIN, VA US",38.2022,-77.3747,67.1,2018-11-22,0,,,3.3,-1.7
USC00442009,"CORBIN, VA US",38.2022,-77.3747,67.1,2018-11-23,0,,,1.1,-2.8
USC00442009,"CORBIN, VA US",38.2022,-77.3747,67.1,2018-11-24,0,,,5.6,-1.1
USC00442009,"CORBIN, VA US",38.2022,-77.3747,67.1,2018-11-25,32.3,,,16.7,-0.6
USC00442009,"CORBIN, VA US",38.2022,-77.3747,67.1,2018-11-26,0,,,11.1,3.9
USC00442009,"CORBIN, VA US",38.2022,-77.3747,67.1,2018-11-27,4.1,,,7.2,-1.7
USC00442009,"CORBIN, VA US",38.2022,-77.3747,67.1,2018-11-28,0,,,5,-2.8
USC00442009,"CORBIN, VA US",38.2022,-77.3747,67.1,2018-11-29,0,,,6.1,-5
USC00442009,"CORBIN, VA US",38.2022,-77.3747,67.1,2018-11-30,0,,,9.4,-1.7
USC00442009,"CORBIN, VA US",38.2022,-77.3747,67.1,2018-12-01,0,,,5,1.1
USC00442009,"CORBIN, VA US",38.2022,-77.3747,67.1,2018-12-02,0,,,15,4.4
USC00442009,"CORBIN, VA US",38.2022,-77.3747,67.1,2018-12-03,4.8,,,16.7,2.2
USC00442009,"CORBIN, VA US",38.2022,-77.3747,67.1,2018-12-04,0,,,7.2,0.6
USC00442009,"CORBIN, VA US",38.2022,-77.3747,67.1,2018-12-05,0,,,2.2,-2.2
USC00442009,"CORBIN, VA US",38.2022,-77.3747,67.1,2018-12-06,0,,,6.1,-3.3
USC00442009,"CORBIN, VA US",38.2022,-77.3747,67.1,2018-12-07,0,,,6.7,-3.3
USC00442009,"CORBIN, VA US",38.2022,-77.3747,67.1,2018-12-08,0,,,3.9,-5.6
USC00442009,"CORBIN, VA US",38.2022,-77.3747,67.1,2018-12-09,0,,,0,-2.2
USC00442009,"CORBIN, VA US",38.2022,-77.3747,67.1,2018-12-10,8.6,140,152,1.7,-5.6
USC00442009,"CORBIN, VA US",38.2022,-77.3747,67.1,2018-12-11,0,,76,6.1,-7.8
USC00442009,"CORBIN, VA US",38.2022,-77.3747,67.1,2018-12-12,0,,51,7.8,-6.1
USC00442009,"CORBIN, VA US",38.2022,-77.3747,67.1,2018-12-13,0,,25,6.7,-1.7
USC00442009,"CORBIN, VA US",38.2022,-77.3747,67.1,2018-12-14,0,,,7.2,-1.7
USC00442009,"CORBIN, VA US",38.2022,-77.3747,67.1,2018-12-15,14.5,,,11.7,6.7
USC00442009,"CORBIN, VA US",38.2022,-77.3747,67.1,2018-12-16,23.4,,,10,3.9
USC00442009,"CORBIN, VA US",38.2022,-77.3747,67.1,2018-12-17,1.8,,,11.7,1.1
USC00442009,"CORBIN, VA US",38.2022,-77.3747,67.1,2018-12-18,0,,,7.2,-3.3
USC00442009,"CORBIN, VA US",38.2022,-77.3747,67.1,2018-12-19,0,,,10.6,-4.4
USC00442009,"CORBIN, VA US",38.2022,-77.3747,67.1,2018-12-20,0,,,16.7,-1.1
USC00442009,"CORBIN, VA US",38.2022,-77.3747,67.1,2018-12-21,11.4,,,20,8.3
USC00442009,"CORBIN, VA US",38.2022,-77.3747,67.1,2018-12-22,0,,,12.8,0
USC00442009,"CORBIN, VA US",38.2022,-77.3747,67.1,2018-12-23,0,,,10,-3.3
USC00442009,"CORBIN, VA US",38.2022,-77.3747,67.1,2018-12-24,0,,,8.9,-2.2
USC00442009,"CORBIN, VA US",38.2022,-77.3747,67.1,2018-12-25,0,,,3.9,-3.9
USC00442009,"CORBIN, VA US",38.2022,-77.3747,67.1,2018-12-26,0,,,8.9,-5.6
USC00442009,"CORBIN, VA US",38.2022,-77.3747,67.1,2018-12-27,0,,,10,-3.9
USC00442009,"CORBIN, VA US",38.2022,-77.3747,67.1,2018-12-28,21.6,,,13.3,5.6
USC00442009,"CORBIN, VA US",38.2022,-77.3747,67.1,2018-12-29,16.3,,,15,3.3
USC00442009,"CORBIN, VA US",38.2022,-77.3747,67.1,2018-12-30,0,,,7.8,1.1
USC00442009,"CORBIN, VA US",38.2022,-77.3747,67.1,2018-12-31,0,,,14.4,0.6
USC00442009,"CORBIN, VA US",38.2022,-77.3747,67.1,2019-01-01,6.4,,,18.3,7.2
USC00442009,"CORBIN, VA US",38.2022,-77.3747,67.1,2019-01-02,0,,,7.8,1.7
USC00442009,"CORBIN, VA US",38.2022,-77.3747,67.1,2019-01-03,0.5,,,10.6,1.1
USC00442009,"CORBIN, VA US",38.2022,-77.3747,67.1,2019-01-04,0,,,8.3,0.6
USC00442009,"CORBIN, VA US",38.2022,-77.3747,67.1,2019-01-05,3.3,,,12.2,2.2
USC00442009,"CORBIN, VA US",38.2022,-77.3747,67.1,2019-01-06,0,,,14.4,2.8
USC00442009,"CORBIN, VA US",38.2022,-77.3747,67.1,2019-01-07,0,,,5,-1.7
USC00442009,"CORBIN, VA US",38.2022,-77.3747,67.1,2019-01-08,0.5,,,16.7,2.8
USC00442009,"CORBIN, VA US",38.2022,-77.3747,67.1,2019-01-09,2.5,,,11.7,0
USC00442009,"CORBIN, VA US",38.2022,-77.3747,67.1,2019-01-10,0,,,2.2,-3.3
USC00442009,"CORBIN, VA US",38.2022,-77.3747,67.1,2019-01-11,0,,,2.8,-4.4
USC00442009,"CORBIN, VA US",38.2022,-77.3747,67.1,2019-01-12,0,,,2.2,-3.3
USC00442009,"CORBIN, VA US",38.2022,-77.3747,67.1,2019-01-13,12.7,64,,-0.6,-2.2
USC00442009,"CORBIN, VA US",38.2022,-77.3747,67.1,2019-01-14,5.6,51,51,1.1,-5.6
USC00442009,"CORBIN, VA US",38.2022,-77.3747,67.1,2019-01-15,0,,51,4.4,-7.2
USC00442009,"CORBIN, VA US",38.2022,-77.3747,67.1,2019-01-16,0,,25,6.7,-6.1
USC00442009,"CORBIN, VA US",38.2022,-77.3747,67.1,2019-01-17,0,,25,3.3,-2.8
USC00442009,"CORBIN, VA US",38.2022,-77.3747,67.1,2019-01-18,0,,,4.4,0
USC00442009,"CORBIN, VA US",38.2022,-77.3747,67.1,2019-01-19,0,,,5,0.6
USC00442009,"CORBIN, VA US",38.2022,-77.3747,67.1,2019-01-20,11.7,,,12.2,-7.2
USC00442009,"CORBIN, VA US",38.2022,-77.3747,67.1,2019-01-21,0,,,-5,-10.6
USC00442009,"CORBIN, VA US",38.2022,-77.3747,67.1,2019-01-22,0,,,1.7,-12.8
USC00442009,"CORBIN, VA US",38.2022,-77.3747,67.1,2019-01-23,0,,,13.9,-2.2
USC00442009,"CORBIN, VA US",38.2022,-77.3747,67.1,2019-01-24,15.7,,,16.1,-2.2
USC00442009,"CORBIN, VA US",38.2022,-77.3747,67.1,2019-01-25,9.1,,,6.1,-4.4
USC00442009,"CORBIN, VA US",38.2022,-77.3747,67.1,2019-01-26,0,,,6.7,-6.7
USC00442009,"CORBIN, VA US",38.2022,-77.3747,67.1,2019-01-27,0,,,9.4,-5.6
USC00442009,"CORBIN, VA US",38.2022,-77.3747,67.1,2019-01-28,0,,,5.6,-2.8
USC00442009,"CORBIN, VA US",38.2022,-77.3747,67.1,2019-01-29,0,,,5,-2.8
USC00442009,"CORBIN, VA US",38.2022,-77.3747,67.1,2019-01-30,4.3,,,3.9,-11.1
USC00442009,"CORBIN, VA US",38.2022,-77.3747,67.1,2019-01-31,0,,,-2.2,-15